"image_path","image_url","category","subcategory","product","suggested_query","url"
"products/laboratoire/accessoires/pipettes.jpg","/assets/images/products/laboratoire/accessoires/pipettes.jpg","Laboratoire","Accessoires","Pipettes","Pipettes Accessoires biomedical laboratoire produit",""
"products/laboratoire/accessoires/tubes.jpg","/assets/images/products/laboratoire/accessoires/tubes.jpg","Laboratoire","Accessoires","Tubes","Tubes Accessoires biomedical laboratoire produit",""
"products/laboratoire/accessoires/portoirs.jpg","/assets/images/products/laboratoire/accessoires/portoirs.jpg","Laboratoire","Accessoires","Portoirs","Portoirs Accessoires biomedical laboratoire produit",""
"products/laboratoire/accessoires/consommable.jpg","/assets/images/products/laboratoire/accessoires/consommable.jpg","Laboratoire","Accessoires","Consommable","Consommable Accessoires biomedical laboratoire produit",""
"products/laboratoire/bacteriologie/milieu-de-culture.jpg","/assets/images/products/laboratoire/bacteriologie/milieu-de-culture.jpg","Laboratoire","Bacteriologie","Milieu de culture","Milieu de culture Bacteriologie biomedical laboratoire produit",""
"products/laboratoire/bacteriologie/colorant.jpg","/assets/images/products/laboratoire/bacteriologie/colorant.jpg","Laboratoire","Bacteriologie","Colorant","Colorant Bacteriologie biomedical laboratoire produit",""
"products/laboratoire/bacteriologie/disque-d-antibiogramme.jpg","/assets/images/products/laboratoire/bacteriologie/disque-d-antibiogramme.jpg","Laboratoire","Bacteriologie","Disque d'antibiogramme","Disque d'antibiogramme Bacteriologie biomedical laboratoire produit",""
"products/laboratoire/bacteriologie/identification.jpg","/assets/images/products/laboratoire/bacteriologie/identification.jpg","Laboratoire","Bacteriologie","Identification","Identification Bacteriologie biomedical laboratoire produit",""
"products/laboratoire/biochimie/reactifs.jpg","/assets/images/products/laboratoire/biochimie/reactifs.jpg","Laboratoire","Biochimie","Reactifs","Reactifs Biochimie biomedical laboratoire produit",""
"products/laboratoire/biochimie/controle.jpg","/assets/images/products/laboratoire/biochimie/controle.jpg","Laboratoire","Biochimie","Controle","Controle Biochimie biomedical laboratoire produit",""
"products/laboratoire/biochimie/electrophorese.jpg","/assets/images/products/laboratoire/biochimie/electrophorese.jpg","Laboratoire","Biochimie","Electrophorese","Electrophorese Biochimie biomedical laboratoire produit",""
"products/laboratoire/biochimie/consommable-biochimie.jpg","/assets/images/products/laboratoire/biochimie/consommable-biochimie.jpg","Laboratoire","Biochimie","Consommable biochimie","Consommable biochimie Biochimie biomedical laboratoire produit",""
"products/laboratoire/consommable/gants.jpg","/assets/images/products/laboratoire/consommable/gants.jpg","Laboratoire","Consommable","Gants","Gants Consommable biomedical laboratoire produit",""
"products/laboratoire/consommable/masques.jpg","/assets/images/products/laboratoire/consommable/masques.jpg","Laboratoire","Consommable","Masques","Masques Consommable biomedical laboratoire produit",""
"products/laboratoire/consommable/seringues.jpg","/assets/images/products/laboratoire/consommable/seringues.jpg","Laboratoire","Consommable","Seringues","Seringues Consommable biomedical laboratoire produit",""
"products/laboratoire/consommable/divers.jpg","/assets/images/products/laboratoire/consommable/divers.jpg","Laboratoire","Consommable","Divers","Divers Consommable biomedical laboratoire produit",""
"products/laboratoire/electrophorese/kits-electrophorese.jpg","/assets/images/products/laboratoire/electrophorese/kits-electrophorese.jpg","Laboratoire","Electrophorese","Kits electrophorese","Kits electrophorese Electrophorese biomedical laboratoire produit",""
"products/laboratoire/electrophorese/tampons.jpg","/assets/images/products/laboratoire/electrophorese/tampons.jpg","Laboratoire","Electrophorese","Tampons","Tampons Electrophorese biomedical laboratoire produit",""
"products/laboratoire/electrophorese/accessoires-electrophorese.jpg","/assets/images/products/laboratoire/electrophorese/accessoires-electrophorese.jpg","Laboratoire","Electrophorese","Accessoires electrophorese","Accessoires electrophorese Electrophorese biomedical laboratoire produit",""
"products/laboratoire/equipement/analyseurs.jpg","/assets/images/products/laboratoire/equipement/analyseurs.jpg","Laboratoire","Equipement","Analyseurs","Analyseurs Equipement biomedical laboratoire produit",""
"products/laboratoire/equipement/centrifugeuses.jpg","/assets/images/products/laboratoire/equipement/centrifugeuses.jpg","Laboratoire","Equipement","Centrifugeuses","Centrifugeuses Equipement biomedical laboratoire produit",""
"products/laboratoire/equipement/microscopes.jpg","/assets/images/products/laboratoire/equipement/microscopes.jpg","Laboratoire","Equipement","Microscopes","Microscopes Equipement biomedical laboratoire produit",""
"products/laboratoire/hematologie/reactifs-hematologie.jpg","/assets/images/products/laboratoire/hematologie/reactifs-hematologie.jpg","Laboratoire","Hematologie","Reactifs hematologie","Reactifs hematologie Hematologie biomedical laboratoire produit",""
"products/laboratoire/hematologie/coagulation.jpg","/assets/images/products/laboratoire/hematologie/coagulation.jpg","Laboratoire","Hematologie","Coagulation","Coagulation Hematologie biomedical laboratoire produit",""
"products/laboratoire/hematologie/transfusion-sanguine.jpg","/assets/images/products/laboratoire/hematologie/transfusion-sanguine.jpg","Laboratoire","Hematologie","Transfusion sanguine","Transfusion sanguine Hematologie biomedical laboratoire produit",""
"products/laboratoire/hematologie/groupage.jpg","/assets/images/products/laboratoire/hematologie/groupage.jpg","Laboratoire","Hematologie","Groupage","Groupage Hematologie biomedical laboratoire produit",""
"products/laboratoire/immunologie/reactifs-immunologie.jpg","/assets/images/products/laboratoire/immunologie/reactifs-immunologie.jpg","Laboratoire","Immunologie","Reactifs immunologie","Reactifs immunologie Immunologie biomedical laboratoire produit",""
"products/laboratoire/immunologie/controles-immunologie.jpg","/assets/images/products/laboratoire/immunologie/controles-immunologie.jpg","Laboratoire","Immunologie","Controles immunologie","Controles immunologie Immunologie biomedical laboratoire produit",""
"products/laboratoire/immunologie/kits-rapides.jpg","/assets/images/products/laboratoire/immunologie/kits-rapides.jpg","Laboratoire","Immunologie","Kits rapides","Kits rapides Immunologie biomedical laboratoire produit",""
"products/laboratoire/ionogramme/reactifs-ionogramme.jpg","/assets/images/products/laboratoire/ionogramme/reactifs-ionogramme.jpg","Laboratoire","Ionogramme","Reactifs ionogramme","Reactifs ionogramme Ionogramme biomedical laboratoire produit",""
"products/laboratoire/ionogramme/electrodes.jpg","/assets/images/products/laboratoire/ionogramme/electrodes.jpg","Laboratoire","Ionogramme","Electrodes","Electrodes Ionogramme biomedical laboratoire produit",""
"products/laboratoire/ionogramme/controles-ionogramme.jpg","/assets/images/products/laboratoire/ionogramme/controles-ionogramme.jpg","Laboratoire","Ionogramme","Controles ionogramme","Controles ionogramme Ionogramme biomedical laboratoire produit",""
"products/laboratoire/parasitologie/colorants-parasitologie.jpg","/assets/images/products/laboratoire/parasitologie/colorants-parasitologie.jpg","Laboratoire","Parasitologie","Colorants parasitologie","Colorants parasitologie Parasitologie biomedical laboratoire produit",""
"products/laboratoire/parasitologie/kits-parasitologie.jpg","/assets/images/products/laboratoire/parasitologie/kits-parasitologie.jpg","Laboratoire","Parasitologie","Kits parasitologie","Kits parasitologie Parasitologie biomedical laboratoire produit",""
"products/laboratoire/parasitologie/accessoires-parasitologie.jpg","/assets/images/products/laboratoire/parasitologie/accessoires-parasitologie.jpg","Laboratoire","Parasitologie","Accessoires parasitologie","Accessoires parasitologie Parasitologie biomedical laboratoire produit",""
"products/laboratoire/pcr-laboratoire/kits-pcr.jpg","/assets/images/products/laboratoire/pcr-laboratoire/kits-pcr.jpg","Laboratoire","PCR laboratoire","Kits PCR","Kits PCR PCR laboratoire biomedical laboratoire produit",""
"products/laboratoire/pcr-laboratoire/reactifs-pcr.jpg","/assets/images/products/laboratoire/pcr-laboratoire/reactifs-pcr.jpg","Laboratoire","PCR laboratoire","Reactifs PCR","Reactifs PCR PCR laboratoire biomedical laboratoire produit",""
"products/laboratoire/pcr-laboratoire/consommables-pcr.jpg","/assets/images/products/laboratoire/pcr-laboratoire/consommables-pcr.jpg","Laboratoire","PCR laboratoire","Consommables PCR","Consommables PCR PCR laboratoire biomedical laboratoire produit",""
"products/laboratoire/produits-chimiques/produits-chimiques.jpg","/assets/images/products/laboratoire/produits-chimiques/produits-chimiques.jpg","Laboratoire","Produits chimiques","Produits chimiques","Produits chimiques Produits chimiques biomedical laboratoire produit",""
"products/laboratoire/produits-chimiques/colorant-chimique.jpg","/assets/images/products/laboratoire/produits-chimiques/colorant-chimique.jpg","Laboratoire","Produits chimiques","Colorant chimique","Colorant chimique Produits chimiques biomedical laboratoire produit",""
"products/laboratoire/produits-chimiques/accessoire-chimie.jpg","/assets/images/products/laboratoire/produits-chimiques/accessoire-chimie.jpg","Laboratoire","Produits chimiques","Accessoire chimie","Accessoire chimie Produits chimiques biomedical laboratoire produit",""
"products/laboratoire/produits-chimiques/microscopie.jpg","/assets/images/products/laboratoire/produits-chimiques/microscopie.jpg","Laboratoire","Produits chimiques","Microscopie","Microscopie Produits chimiques biomedical laboratoire produit",""
"products/laboratoire/serologie/kits-serologie.jpg","/assets/images/products/laboratoire/serologie/kits-serologie.jpg","Laboratoire","Serologie","Kits serologie","Kits serologie Serologie biomedical laboratoire produit",""
"products/laboratoire/serologie/reactifs-serologie.jpg","/assets/images/products/laboratoire/serologie/reactifs-serologie.jpg","Laboratoire","Serologie","Reactifs serologie","Reactifs serologie Serologie biomedical laboratoire produit",""
"products/laboratoire/serologie/controles-serologie.jpg","/assets/images/products/laboratoire/serologie/controles-serologie.jpg","Laboratoire","Serologie","Controles serologie","Controles serologie Serologie biomedical laboratoire produit",""
"products/laboratoire/urinaire/bandelettes.jpg","/assets/images/products/laboratoire/urinaire/bandelettes.jpg","Laboratoire","Urinaire","Bandelettes","Bandelettes Urinaire biomedical laboratoire produit",""
"products/laboratoire/urinaire/reactifs-urinaire.jpg","/assets/images/products/laboratoire/urinaire/reactifs-urinaire.jpg","Laboratoire","Urinaire","Reactifs urinaire","Reactifs urinaire Urinaire biomedical laboratoire produit",""
"products/laboratoire/urinaire/controles-urinaire.jpg","/assets/images/products/laboratoire/urinaire/controles-urinaire.jpg","Laboratoire","Urinaire","Controles urinaire","Controles urinaire Urinaire biomedical laboratoire produit",""
"products/medecine/diagnostic/tensiometres.jpg","/assets/images/products/medecine/diagnostic/tensiometres.jpg","Medecine","Diagnostic","Tensiometres","Tensiometres Diagnostic biomedical laboratoire produit",""
"products/medecine/diagnostic/stethoscopes.jpg","/assets/images/products/medecine/diagnostic/stethoscopes.jpg","Medecine","Diagnostic","Stethoscopes","Stethoscopes Diagnostic biomedical laboratoire produit",""
"products/medecine/diagnostic/thermometres.jpg","/assets/images/products/medecine/diagnostic/thermometres.jpg","Medecine","Diagnostic","Thermometres","Thermometres Diagnostic biomedical laboratoire produit",""
"products/medecine/consommables-medicaux/compresses.jpg","/assets/images/products/medecine/consommables-medicaux/compresses.jpg","Medecine","Consommables medicaux","Compresses","Compresses Consommables medicaux biomedical laboratoire produit",""
"products/medecine/consommables-medicaux/pansements.jpg","/assets/images/products/medecine/consommables-medicaux/pansements.jpg","Medecine","Consommables medicaux","Pansements","Pansements Consommables medicaux biomedical laboratoire produit",""
"products/medecine/consommables-medicaux/gants-d-examen.jpg","/assets/images/products/medecine/consommables-medicaux/gants-d-examen.jpg","Medecine","Consommables medicaux","Gants d'examen","Gants d'examen Consommables medicaux biomedical laboratoire produit",""
"products/banque-de-sang/poches-de-sang/poches-simples.jpg","/assets/images/products/banque-de-sang/poches-de-sang/poches-simples.jpg","Banque de sang","Poches de sang","Poches simples","Poches simples Poches de sang biomedical laboratoire produit",""
"products/banque-de-sang/poches-de-sang/poches-doubles.jpg","/assets/images/products/banque-de-sang/poches-de-sang/poches-doubles.jpg","Banque de sang","Poches de sang","Poches doubles","Poches doubles Poches de sang biomedical laboratoire produit",""
"products/banque-de-sang/poches-de-sang/poches-triples.jpg","/assets/images/products/banque-de-sang/poches-de-sang/poches-triples.jpg","Banque de sang","Poches de sang","Poches triples","Poches triples Poches de sang biomedical laboratoire produit",""
"products/banque-de-sang/reactifs-de-groupage/serums-tests.jpg","/assets/images/products/banque-de-sang/reactifs-de-groupage/serums-tests.jpg","Banque de sang","Reactifs de groupage","Serums tests","Serums tests Reactifs de groupage biomedical laboratoire produit",""
"products/banque-de-sang/reactifs-de-groupage/cartes-de-groupage.jpg","/assets/images/products/banque-de-sang/reactifs-de-groupage/cartes-de-groupage.jpg","Banque de sang","Reactifs de groupage","Cartes de groupage","Cartes de groupage Reactifs de groupage biomedical laboratoire produit",""
"products/banque-de-sang/reactifs-de-groupage/reactifs-coombs.jpg","/assets/images/products/banque-de-sang/reactifs-de-groupage/reactifs-coombs.jpg","Banque de sang","Reactifs de groupage","Reactifs Coombs","Reactifs Coombs Reactifs de groupage biomedical laboratoire produit",""
"products/pcr/extraction/kits-d-extraction-adn.jpg","/assets/images/products/pcr/extraction/kits-d-extraction-adn.jpg","PCR","Extraction","Kits d'extraction ADN","Kits d'extraction ADN Extraction biomedical laboratoire produit",""
"products/pcr/extraction/kits-d-extraction-arn.jpg","/assets/images/products/pcr/extraction/kits-d-extraction-arn.jpg","PCR","Extraction","Kits d'extraction ARN","Kits d'extraction ARN Extraction biomedical laboratoire produit",""
"products/pcr/amplification/master-mix.jpg","/assets/images/products/pcr/amplification/master-mix.jpg","PCR","Amplification","Master Mix","Master Mix Amplification biomedical laboratoire produit",""
"products/pcr/amplification/enzymes.jpg","/assets/images/products/pcr/amplification/enzymes.jpg","PCR","Amplification","Enzymes","Enzymes Amplification biomedical laboratoire produit",""
"products/pcr/amplification/consommables-amplification.jpg","/assets/images/products/pcr/amplification/consommables-amplification.jpg","PCR","Amplification","Consommables amplification","Consommables amplification Amplification biomedical laboratoire produit",""
